title,upvotes,comments,author,permalink,created_utc
Commerce Sec. Lutnick says U.S. auto CEOs are ‘cool with’ higher tariffs than Japan,582,149,SecretComposer,https://www.reddit.com/r/stocks/comments/1m8aice/commerce_sec_lutnick_says_us_auto_ceos_are_cool/,2025-07-24 17:22:49
Tesla’s stock plunges 9% after another weak quarter for auto sales,490,79,Puginator,https://www.reddit.com/r/stocks/comments/1m8c91z/teslas_stock_plunges_9_after_another_weak_quarter/,2025-07-24 18:28:20
Anyone else getting 2021 vibes?,474,254,PlayImpossible4224,https://www.reddit.com/r/stocks/comments/1m80xe4/anyone_else_getting_2021_vibes/,2025-07-24 10:37:34
"UNH admits its under federal investigation, two months after refuting the first WSJ article on this and calling them""deeply irresponsible""",368,68,Forecydian,https://www.reddit.com/r/stocks/comments/1m847tl/unh_admits_its_under_federal_investigation_two/,2025-07-24 13:19:11
$1 billion in Nvidia AI chips smuggled into China after restrictions: Report,307,40,shut-down-corner,https://www.reddit.com/r/stocks/comments/1m8ezz8/1_billion_in_nvidia_ai_chips_smuggled_into_china/,2025-07-24 20:14:11
"Intel beats on revenue, issues better-than-expected forecast",161,48,Puginator,https://www.reddit.com/r/stocks/comments/1m8f6fe/intel_beats_on_revenue_issues_betterthanexpected/,2025-07-24 20:21:03
All these rumors about tariffs are just to manipulate the markets?!,58,51,RoronOp,https://www.reddit.com/r/stocks/comments/1m83ohk/all_these_rumors_about_tariffs_are_just_to/,2025-07-24 12:56:39
OPEN Rises Up,51,55,girlsholic18,https://www.reddit.com/r/stocks/comments/1m85vwn/open_rises_up/,2025-07-24 14:27:57
Anyone else concerned about LUCID Stock?,29,60,RAD4130,https://www.reddit.com/r/stocks/comments/1m8ige9/anyone_else_concerned_about_lucid_stock/,2025-07-24 22:34:45
Still long NVDA and adding on dips,30,11,Last_Ad_7188,https://www.reddit.com/r/stocks/comments/1m7xttw/still_long_nvda_and_adding_on_dips/,2025-07-24 07:22:14
"What’s your long,  mid,  and short term plays?",26,110,CorgiInvestor,https://www.reddit.com/r/stocks/comments/1m8ekyz/whats_your_long_mid_and_short_term_plays/,2025-07-24 19:58:16
Union Pacific in mega US railroad merger talks with rival Norfolk Southern,25,13,BearBearChooey,https://www.reddit.com/r/stocks/comments/1m86r42/union_pacific_in_mega_us_railroad_merger_talks/,2025-07-24 15:01:51
How much of your monthly income do you actually invest?,28,85,JaynaWestmoreland,https://www.reddit.com/r/stocks/comments/1m8njaa/how_much_of_your_monthly_income_do_you_actually/,2025-07-25 02:30:27
"r/Stocks Daily Discussion &amp; Options Trading Thursday - Jul 24, 2025",25,459,AutoModerator,https://www.reddit.com/r/stocks/comments/1m7ztq5/rstocks_daily_discussion_options_trading_thursday/,2025-07-24 09:30:33
What happened to Fiserv (FISV)!?,16,49,ShawnyMcKnight,https://www.reddit.com/r/stocks/comments/1m8asqf/what_happened_to_fiserv_fisv/,2025-07-24 17:33:28
"Markets rose on trade deal optimism and ahead of the Fed meeting, with rates expected to stay unchanged.",20,25,Zestyclose-Salad-290,https://www.reddit.com/r/stocks/comments/1m8ld6q/markets_rose_on_trade_deal_optimism_and_ahead_of/,2025-07-25 00:45:23
We're entering a system where disciplined savers get left behind,40,37,Andy_parker,https://www.reddit.com/r/stocks/comments/1m8q42q/were_entering_a_system_where_disciplined_savers/,2025-07-25 04:44:08
Figma IPO Overview and Valuation Estimation,16,14,401TCW,https://www.reddit.com/r/stocks/comments/1m81vvm/figma_ipo_overview_and_valuation_estimation/,2025-07-24 11:30:02
What is everyone's take on IOVA?,16,17,No-Speech-3964,https://www.reddit.com/r/stocks/comments/1m7x3lf/what_is_everyones_take_on_iova/,2025-07-24 06:37:35
The adoption of AI OpenAI partnerships and a compelling value-for-money story strengthen my belief that AMD’s rebound is just getting sta,12,2,nvwls4,https://www.reddit.com/r/stocks/comments/1m84g4k/the_adoption_of_ai_openai_partnerships_and_a/,2025-07-24 13:29:00
Looking for Stocks to Short TSLA and PLTR Are on My Radar. What Else Is Overvalued?,11,98,givemedatbanana,https://www.reddit.com/r/stocks/comments/1m7z093/looking_for_stocks_to_short_tsla_and_pltr_are_on/,2025-07-24 08:38:02
Quantum Space A High Risk / High Reward Play,8,14,Fountainheadusa,https://www.reddit.com/r/stocks/comments/1m8dtml/quantum_space_a_high_risk_high_reward_play/,2025-07-24 19:28:20
10 best trading days,8,10,Necromancer_Jade,https://www.reddit.com/r/stocks/comments/1m7z8sv/10_best_trading_days/,2025-07-24 08:53:21
Chipotle (CMG) might be an interesting story from here (11% IRR from DCF),7,15,anonymous_sheep1,https://www.reddit.com/r/stocks/comments/1m8ehfj/chipotle_cmg_might_be_an_interesting_story_from/,2025-07-24 19:54:28
"Honeywell's Q2 Earnings &amp; Revenues Beat Estimates, 25' View Up",8,1,Pretty_Positive9866,https://www.reddit.com/r/stocks/comments/1m8e0bv/honeywells_q2_earnings_revenues_beat_estimates_25/,2025-07-24 19:35:44
Adrenaline shot to SoFi delivered right before the earnings.,7,7,Progress_8,https://www.reddit.com/r/stocks/comments/1m82gve/adrenaline_shot_to_sofi_delivered_right_before/,2025-07-24 12:00:30
TMC Dilution (equity compensation vote),6,3,ImprovementTasty,https://www.reddit.com/r/stocks/comments/1m8h056/tmc_dilution_equity_compensation_vote/,2025-07-24 21:33:42
"GE Vernova (GEV) Is Up 12.1% After Q2 Revenue Beat, Turbine Order, and Pennsylvania Investment",5,0,Pretty_Positive9866,https://www.reddit.com/r/stocks/comments/1m8ebhh/ge_vernova_gev_is_up_121_after_q2_revenue_beat/,2025-07-24 19:48:01
$APLS (Apellis) - Due Diligence,3,0,belizeandiplomat,https://www.reddit.com/r/stocks/comments/1m8cqmd/apls_apellis_due_diligence/,2025-07-24 18:46:51
What energy companies will be involved in Trumps plan for AI companies to create their own super power grids?,5,21,Interr0gate,https://www.reddit.com/r/stocks/comments/1m84e01/what_energy_companies_will_be_involved_in_trumps/,2025-07-24 13:26:26
Research help,0,6,No-Professional-9713,https://www.reddit.com/r/stocks/comments/1m8de44/research_help/,2025-07-24 19:11:46
Why should I not try and play dividend Capture in high yield ETFs,0,9,MediterraneanPrince,https://www.reddit.com/r/stocks/comments/1m8bb8z/why_should_i_not_try_and_play_dividend_capture_in/,2025-07-24 17:52:52
The Most Basic Question,0,8,dynamite647,https://www.reddit.com/r/stocks/comments/1m8d9on/the_most_basic_question/,2025-07-24 19:06:57
"What price range are you guys eyeing for stocks beaten by tariffs, BBB, etc.",0,17,No_Ask_2990,https://www.reddit.com/r/stocks/comments/1m802mk/what_price_range_are_you_guys_eyeing_for_stocks/,2025-07-24 09:46:27
Why is Tesla stock trading at such high multiples of 182x its pe?,0,24,TailungFu,https://www.reddit.com/r/stocks/comments/1m8h3ng/why_is_tesla_stock_trading_at_such_high_multiples/,2025-07-24 21:37:39
